execution_time,physical_mem_snapshot,virtual_mem_snapshot,shuffle,aggregate_resource_allocation,total_cpu_time
207.73983333333334,9195.458333333334,34393.880859375,1056.2350900967915,2076419.3333333333,749.8866666666667
