execution_time,physical_mem_snapshot,virtual_mem_snapshot,shuffle,aggregate_resource_allocation,total_cpu_time
114.00811111111112,4392.283333333334,20340.160555555554,628.7744444444445,1202009.7777777778,28.9215
