execution_time,physical_mem_snapshot,virtual_mem_snapshot,shuffle,aggregate_resource_allocation,total_cpu_time
156.26054545454545,8404.252272727274,18987.925454545453,1003.7645454545454,2071929.0909090908,454.07154545454546
