execution_time,physical_mem_snapshot,virtual_mem_snapshot,shuffle,aggregate_resource_allocation,total_cpu_time
103.93395454545454,6576.817272727273,18014.983636363635,434.96,1167370.0909090908,276.63931818181817
