execution_time,physical_mem_snapshot,virtual_mem_snapshot,shuffle,aggregate_resource_allocation,total_cpu_time
110.422,1899.6731770833333,12183.642578125,125.73676109313965,290894.1666666667,109.35333333333334
