execution_time,physical_mem_snapshot,virtual_mem_snapshot,shuffle,aggregate_resource_allocation,total_cpu_time
135.04023076923076,5611.740985576923,24801.516376201922,456.9390315275926,1030022.0,418.5319230769231
