execution_time,physical_mem_snapshot,virtual_mem_snapshot,shuffle,aggregate_resource_allocation,total_cpu_time
109.30733333333333,4483.968333333333,20380.288333333334,628.0699999999999,1145201.1666666667,29.139166666666668
