execution_time,physical_mem_snapshot,virtual_mem_snapshot,shuffle,aggregate_resource_allocation,total_cpu_time
195.22592857142857,9525.370814732143,36071.72405133928,1065.7499593326024,2004880.357142857,718.9085714285715
