execution_time,physical_mem_snapshot,virtual_mem_snapshot,shuffle,aggregate_resource_allocation,total_cpu_time
84.9605,6166.150607638889,24873.834418402777,467.1682297388713,606302.6111111111,218.35888888888888
