execution_time,physical_mem_snapshot,virtual_mem_snapshot,shuffle,aggregate_resource_allocation,total_cpu_time
127.78485714285713,3221.94140625,17247.556640625,231.47541488919939,559130.7857142857,213.02357142857144
