execution_time,physical_mem_snapshot,virtual_mem_snapshot,shuffle,aggregate_resource_allocation,total_cpu_time
301.12288461538463,8348.02923076923,22543.67076923077,1670.028076923077,3299323.730769231,53.19226923076923
