execution_time,physical_mem_snapshot,virtual_mem_snapshot,shuffle,aggregate_resource_allocation,total_cpu_time
66.70311111111111,2521.076666666667,14602.594444444445,132.3972222222222,659982.2222222222,6.782444444444445
