execution_time,physical_mem_snapshot,virtual_mem_snapshot,shuffle,aggregate_resource_allocation,total_cpu_time
60.91211111111111,4577.151111111111,16390.641111111112,98.4588888888889,657481.7777777778,94.3476111111111
