execution_time,physical_mem_snapshot,virtual_mem_snapshot,shuffle,aggregate_resource_allocation,total_cpu_time
58.50221428571429,4614.9685714285715,16665.080714285716,97.54357142857143,668833.6428571428,94.656
