execution_time,physical_mem_snapshot,virtual_mem_snapshot,shuffle,aggregate_resource_allocation,total_cpu_time
352.5822857142857,13384.61802455357,48768.77845982143,1554.7468673161097,3572075.8571428573,1168.0557142857142
