execution_time,physical_mem_snapshot,virtual_mem_snapshot,shuffle,aggregate_resource_allocation,total_cpu_time
226.3519090909091,15403.841264204546,49468.79436700994,1567.9850259260697,2158923.5454545454,644.6354545454545
