execution_time,physical_mem_snapshot,virtual_mem_snapshot,shuffle,aggregate_resource_allocation,total_cpu_time
149.37366666666668,10975.652126736111,37026.806803385414,1088.1926376554702,1458287.111111111,419.71555555555557
