execution_time,physical_mem_snapshot,virtual_mem_snapshot,shuffle,aggregate_resource_allocation,total_cpu_time
114.51205555555555,2219.289496527778,14121.699869791666,387.74972862667505,315849.8888888889,117.00944444444444
