execution_time,physical_mem_snapshot,virtual_mem_snapshot,shuffle,aggregate_resource_allocation,total_cpu_time
77.45513636363637,3748.7504545454544,19917.963636363635,287.0327272727273,797325.0,22.498590909090908
