execution_time,physical_mem_snapshot,virtual_mem_snapshot,shuffle,aggregate_resource_allocation,total_cpu_time
208.71242857142857,9132.995714285715,21115.87,1530.9635714285714,2692874.1428571427,524.2537857142858
