execution_time,physical_mem_snapshot,virtual_mem_snapshot,shuffle,aggregate_resource_allocation,total_cpu_time
152.4195,10971.003348214286,36956.951381138395,1090.8895033427648,1476390.2142857143,422.64714285714285
