execution_time,physical_mem_snapshot,virtual_mem_snapshot,shuffle,aggregate_resource_allocation,total_cpu_time
100.43492857142857,6609.286428571429,18299.235,436.06142857142856,1187374.357142857,276.7035714285714
