execution_time,physical_mem_snapshot,virtual_mem_snapshot,shuffle,aggregate_resource_allocation,total_cpu_time
75.1183076923077,5537.181538461538,17052.565384615384,214.5026923076923,760713.7692307692,166.55403846153845
