execution_time,physical_mem_snapshot,virtual_mem_snapshot,shuffle,aggregate_resource_allocation,total_cpu_time
64.03713636363636,2156.5628551136365,14292.590553977272,119.36275711926547,183025.18181818182,58.849545454545456
