execution_time,physical_mem_snapshot,virtual_mem_snapshot,shuffle,aggregate_resource_allocation,total_cpu_time
193.14072222222222,9579.098958333334,36349.60394965278,1067.335770871904,1992330.7777777778,713.1794444444445
