execution_time,physical_mem_snapshot,virtual_mem_snapshot,shuffle,aggregate_resource_allocation,total_cpu_time
139.07333333333332,3138.9446614583335,15877.040364583334,239.96330531438193,602452.1666666666,216.86333333333334
