execution_time,physical_mem_snapshot,virtual_mem_snapshot,shuffle,aggregate_resource_allocation,total_cpu_time
67.22064285714286,2487.4421428571427,14580.891428571429,132.4242857142857,660522.7142857143,7.0264999999999995
