execution_time,physical_mem_snapshot,virtual_mem_snapshot,shuffle,aggregate_resource_allocation,total_cpu_time
134.03716666666665,5708.889322916667,25409.803385416668,469.2228651046753,1044416.5,426.3933333333333
