execution_time,physical_mem_snapshot,virtual_mem_snapshot,shuffle,aggregate_resource_allocation,total_cpu_time
86.56842857142857,6150.275669642857,24950.111328125,470.1040460041591,617281.7142857143,219.24571428571429
