execution_time,physical_mem_snapshot,virtual_mem_snapshot,shuffle,aggregate_resource_allocation,total_cpu_time
300.46286363636364,8279.408636363636,22520.34909090909,1677.2881818181818,3300289.4545454546,50.76959090909091
