execution_time,physical_mem_snapshot,virtual_mem_snapshot,shuffle,aggregate_resource_allocation,total_cpu_time
76.22813636363637,3604.0367542613635,18479.209872159092,232.02719900824806,351161.0909090909,113.0090909090909
