execution_time,physical_mem_snapshot,virtual_mem_snapshot,shuffle,aggregate_resource_allocation,total_cpu_time
127.46427777777778,3238.152777777778,17476.391059027777,230.06076648500232,559760.2777777778,211.02166666666668
