execution_time,physical_mem_snapshot,virtual_mem_snapshot,shuffle,aggregate_resource_allocation,total_cpu_time
368.13642857142855,8943.336428571429,23100.26357142857,2637.155,3988174.4285714286,82.11021428571429
