execution_time,physical_mem_snapshot,virtual_mem_snapshot,shuffle,aggregate_resource_allocation,total_cpu_time
76.8223888888889,3604.9071180555557,18527.514105902777,233.24371449152628,355139.05555555556,113.71277777777777
