execution_time,physical_mem_snapshot,virtual_mem_snapshot,shuffle,aggregate_resource_allocation,total_cpu_time
153.42961111111111,8436.628333333334,19033.584444444445,1002.5088888888889,2032764.6666666667,452.09933333333333
