execution_time,physical_mem_snapshot,virtual_mem_snapshot,shuffle,aggregate_resource_allocation,total_cpu_time
65.414,2117.4065290178573,13836.78794642857,121.33848142623901,182297.7857142857,58.67357142857143
