execution_time,physical_mem_snapshot,virtual_mem_snapshot,shuffle,aggregate_resource_allocation,total_cpu_time
137.03616666666667,5610.203559027777,24881.88845486111,458.5768760045369,1017534.3888888889,417.33166666666665
