execution_time,physical_mem_snapshot,virtual_mem_snapshot,shuffle,aggregate_resource_allocation,total_cpu_time
126.93659090909091,3237.665838068182,17618.66796875,229.16053568233144,557769.5454545454,209.7959090909091
