execution_time,physical_mem_snapshot,virtual_mem_snapshot,shuffle,aggregate_resource_allocation,total_cpu_time
120.16922727272727,2354.2542613636365,14298.58309659091,341.3726971799677,337508.95454545453,122.7459090909091
