execution_time,physical_mem_snapshot,virtual_mem_snapshot,shuffle,aggregate_resource_allocation,total_cpu_time
241.12288461538463,7348.02923076923,21543.67076923077,1179.028076923077,2654273.730769231,53.19226923076923
