execution_time,physical_mem_snapshot,virtual_mem_snapshot,shuffle,aggregate_resource_allocation,total_cpu_time
364.85083333333336,9017.138333333332,23060.45611111111,2726.2194444444444,3970325.0,80.35183333333333
