execution_time,physical_mem_snapshot,virtual_mem_snapshot,shuffle,aggregate_resource_allocation,total_cpu_time
209.12677272727274,9054.754545454545,21095.29090909091,1531.13,2669770.090909091,523.1202272727273
