execution_time,physical_mem_snapshot,virtual_mem_snapshot,shuffle,aggregate_resource_allocation,total_cpu_time
73.27081818181819,5537.492272727272,17207.058636363636,215.33363636363637,758080.5454545454,166.53622727272727
