execution_time,physical_mem_snapshot,virtual_mem_snapshot,shuffle,aggregate_resource_allocation,total_cpu_time
341.77609523809525,13448.033668154761,48541.685825892855,1554.738986832755,3532773.476190476,1158.577142857143
