execution_time,physical_mem_snapshot,virtual_mem_snapshot,shuffle,aggregate_resource_allocation,total_cpu_time
77.41327777777778,3731.9772222222223,19875.57,286.94444444444446,801142.3888888889,22.52777777777778
