execution_time,physical_mem_snapshot,virtual_mem_snapshot,shuffle,aggregate_resource_allocation,total_cpu_time
231.76714285714286,15382.779575892857,49169.83394949777,1570.462092263358,2139390.5,645.5721428571428
