execution_time,physical_mem_snapshot,virtual_mem_snapshot,shuffle,aggregate_resource_allocation,total_cpu_time
207.89376923076924,9024.37,20966.683846153846,1531.1723076923076,2637719.3076923075,521.8556923076923
