execution_time,physical_mem_snapshot,virtual_mem_snapshot,shuffle,aggregate_resource_allocation,total_cpu_time
135.63204545454545,5598.618785511364,24834.423295454544,457.60905881361526,1016888.6818181818,417.0304545454545
