execution_time,physical_mem_snapshot,virtual_mem_snapshot,shuffle,aggregate_resource_allocation,total_cpu_time
365.2899545454545,8992.219545454545,23013.874090909092,2710.497272727273,4017460.727272727,81.20259090909092
