execution_time,physical_mem_snapshot,virtual_mem_snapshot,shuffle,aggregate_resource_allocation,total_cpu_time
115.57457142857143,4408.927142857143,20342.86857142857,628.2785714285715,1214424.2857142857,28.880785714285715
