execution_time,physical_mem_snapshot,virtual_mem_snapshot,shuffle,aggregate_resource_allocation,total_cpu_time
71.09511111111111,5502.185555555556,17375.46277777778,216.535,761745.3888888889,166.74388888888888
