execution_time,physical_mem_snapshot,virtual_mem_snapshot,shuffle,aggregate_resource_allocation,total_cpu_time
64.63833333333334,2513.633333333333,14601.336666666666,132.43166666666667,676466.8333333334,8.152
