execution_time,physical_mem_snapshot,virtual_mem_snapshot,shuffle,aggregate_resource_allocation,total_cpu_time
298.0798571428571,8245.337142857143,22474.426428571427,1646.0564285714286,3262723.3571428573,51.19835714285714
