execution_time,physical_mem_snapshot,virtual_mem_snapshot,shuffle,aggregate_resource_allocation,total_cpu_time
330.5335769230769,8520.525,21829.55692307692,1868.5415384615385,3561005.9615384615,42.89542307692308
