execution_time,physical_mem_snapshot,virtual_mem_snapshot,shuffle,aggregate_resource_allocation,total_cpu_time
154.11514285714287,8443.77642857143,19096.892142857145,1000.5385714285715,2068112.2142857143,450.7913571428571
