execution_time,physical_mem_snapshot,virtual_mem_snapshot,shuffle,aggregate_resource_allocation,total_cpu_time
65.64116666666666,2149.1453993055557,14116.264105902777,120.13109434975519,182566.72222222222,58.87222222222222
