execution_time,physical_mem_snapshot,virtual_mem_snapshot,shuffle,aggregate_resource_allocation,total_cpu_time
226.67916666666667,15394.773220486111,49356.21134440104,1568.9483295016819,2135124.277777778,645.0516666666666
