execution_time,physical_mem_snapshot,virtual_mem_snapshot,shuffle,aggregate_resource_allocation,total_cpu_time
66.15434615384615,2528.517307692308,14770.285384615385,132.41538461538462,666470.7692307692,6.602230769230769
