execution_time,physical_mem_snapshot,virtual_mem_snapshot,shuffle,aggregate_resource_allocation,total_cpu_time
192.92068181818183,9629.01260653409,36527.79030539773,1068.3449236696417,1996921.1818181819,712.2572727272727
