execution_time,physical_mem_snapshot,virtual_mem_snapshot,shuffle,aggregate_resource_allocation,total_cpu_time
391.37716666666665,12952.438802083334,47108.75,1554.7783336639404,3682404.8333333335,1203.8616666666667
