execution_time,physical_mem_snapshot,virtual_mem_snapshot,shuffle,aggregate_resource_allocation,total_cpu_time
297.3933333333333,8244.236666666666,22519.338333333333,1687.2666666666667,3267491.8333333335,50.57811111111111
