execution_time,physical_mem_snapshot,virtual_mem_snapshot,shuffle,aggregate_resource_allocation,total_cpu_time
84.27440909090909,6146.696022727273,24824.21271306818,465.29998302459717,599835.9090909091,217.7418181818182
