execution_time,physical_mem_snapshot,virtual_mem_snapshot,shuffle,aggregate_resource_allocation,total_cpu_time
102.23838888888889,6579.606111111111,18145.685555555556,435.3905555555555,1178159.611111111,277.055
