execution_time,physical_mem_snapshot,virtual_mem_snapshot,shuffle,aggregate_resource_allocation,total_cpu_time
148.67613636363637,10983.766157670454,37069.814408735794,1086.476450399919,1451045.7272727273,418.91227272727275
