execution_time,physical_mem_snapshot,virtual_mem_snapshot,shuffle,aggregate_resource_allocation,total_cpu_time
66.66027272727273,2522.6136363636365,14805.48409090909,132.40954545454545,665767.3636363636,6.675545454545454
