execution_time,physical_mem_snapshot,virtual_mem_snapshot,shuffle,aggregate_resource_allocation,total_cpu_time
107.46034615384616,4405.696538461539,19336.771538461537,453.613076923077,1194743,28.68176923076923
