execution_time,physical_mem_snapshot,virtual_mem_snapshot,shuffle,aggregate_resource_allocation,total_cpu_time
293.5005,8216.803333333333,22804.733333333334,1633.9516666666666,3192126.5,53.177166666666665
