execution_time,physical_mem_snapshot,virtual_mem_snapshot,shuffle,aggregate_resource_allocation,total_cpu_time
88.42866666666667,6738.5650000000005,19311.123333333333,440.1,1248155.1666666667,272.0731666666667
