execution_time,physical_mem_snapshot,virtual_mem_snapshot,shuffle,aggregate_resource_allocation,total_cpu_time
92.41633333333333,6159.391927083333,25402.125,487.71894359588623,686982.6666666666,225.54333333333332
