execution_time,physical_mem_snapshot,virtual_mem_snapshot,shuffle,aggregate_resource_allocation,total_cpu_time
114.46034615384616,4405.696538461539,20336.771538461537,628.613076923077,1218591.5384615385,28.68176923076923
