execution_time,physical_mem_snapshot,virtual_mem_snapshot,shuffle,aggregate_resource_allocation,total_cpu_time
70.21950000000001,2000.3111979166667,12178.50390625,128.582803885142,178311.33333333334,59.17666666666666
