execution_time,physical_mem_snapshot,virtual_mem_snapshot,shuffle,aggregate_resource_allocation,total_cpu_time
118.35069230769231,2314.3946814903848,14420.418118990385,122.51306691536537,330329.53846153844,120.54846153846154
