execution_time,physical_mem_snapshot,virtual_mem_snapshot,shuffle,aggregate_resource_allocation,total_cpu_time
126.4525,3237.642578125,17718.54356971154,228.53729897279007,558204.0769230769,209.09653846153847
