execution_time,physical_mem_snapshot,virtual_mem_snapshot,shuffle,aggregate_resource_allocation,total_cpu_time
115.14922727272727,4400.168636363636,20337.717272727274,628.579090909091,1219716.8636363635,28.987272727272728
