execution_time,physical_mem_snapshot,virtual_mem_snapshot,shuffle,aggregate_resource_allocation,total_cpu_time
77.2015,3635.838448660714,18602.236328125,235.1553816795349,335255.9285714286,114.85285714285715
