execution_time,physical_mem_snapshot,virtual_mem_snapshot,shuffle,aggregate_resource_allocation,total_cpu_time
207.5762777777778,9194.922777777778,21047.108333333334,1531.062777777778,2663809.277777778,522.6797222222223
