execution_time,physical_mem_snapshot,virtual_mem_snapshot,shuffle,aggregate_resource_allocation,total_cpu_time
84.0563076923077,6137.497596153846,24792.50450721154,464.00658145317664,598690.1153846154,218.53615384615384
