execution_time,physical_mem_snapshot,virtual_mem_snapshot,shuffle,aggregate_resource_allocation,total_cpu_time
76.60735714285714,3693.2485714285713,19775.547142857144,287.03857142857146,800074.3571428572,22.5135
