execution_time,physical_mem_snapshot,virtual_mem_snapshot,shuffle,aggregate_resource_allocation,total_cpu_time
372.139,9023.898461538462,23399.736538461537,2695.518076923077,4095943.5384615385,82.59557692307692
