execution_time,physical_mem_snapshot,virtual_mem_snapshot,shuffle,aggregate_resource_allocation,total_cpu_time
75.57566666666666,3704.8066666666664,20014.37,287.1616666666667,791051.8333333334,22.613666666666667
