execution_time,physical_mem_snapshot,virtual_mem_snapshot,shuffle,aggregate_resource_allocation,total_cpu_time
233.19283333333334,14940.893229166666,48084.37882486979,1579.5446688334148,2164952.8333333335,665.1133333333333
