execution_time,physical_mem_snapshot,virtual_mem_snapshot,shuffle,aggregate_resource_allocation,total_cpu_time
346.08294117647057,13371.334329044117,48194.86236213235,1554.7426854862886,3533660.411764706,1162.3182352941176
